TIME,GEO,GEO_LABEL,ISCED11,ISCED11_LABEL,SEX,AGE,AGE_LABEL,UNIT,Value,Flag and Footnotes,has_value
2003,BE,Belgium,TOTAL,All ISCED 2011 levels ,Total,Y15-64,From 15 to 64 years,Percentage of population in the labour force,3.6,,True
2003,BG,Bulgaria,TOTAL,All ISCED 2011 levels ,Total,Y15-64,From 15 to 64 years,Percentage of population in the labour force,9.3,b,True
2003,CZ,Czechia,TOTAL,All ISCED 2011 levels ,Total,Y15-64,From 15 to 64 years,Percentage of population in the labour force,3.7,,True
2003,DK,Denmark,TOTAL,All ISCED 2011 levels ,Total,Y15-64,From 15 to 64 years,Percentage of population in the labour force,1.1,,True
2003,DE,Germany (until 1990 former territory of the FRG),TOTAL,All ISCED 2011 levels ,Total,Y15-64,From 15 to 64 years,Percentage of population in the labour force,4.9,,True
2003,EE,Estonia,TOTAL,All ISCED 2011 levels ,Total,Y15-64,From 15 to 64 years,Percentage of population in the labour force,4.8,,True
2003,IE,Ireland,TOTAL,All ISCED 2011 levels ,Total,Y15-64,From 15 to 64 years,Percentage of population in the labour force,1.6,,True
2003,EL,Greece,TOTAL,All ISCED 2011 levels ,Total,Y15-64,From 15 to 64 years,Percentage of population in the labour force,5.4,,True
2003,ES,Spain,TOTAL,All ISCED 2011 levels ,Total,Y15-64,From 15 to 64 years,Percentage of population in the labour force,3.8,,True
2003,FR,France,TOTAL,All ISCED 2011 levels ,Total,Y15-64,From 15 to 64 years,Percentage of population in the labour force,3.2,b,True
2003,HR,Croatia,TOTAL,All ISCED 2011 levels ,Total,Y15-64,From 15 to 64 years,Percentage of population in the labour force,8.5,b,True
2003,IT,Italy,TOTAL,All ISCED 2011 levels ,Total,Y15-64,From 15 to 64 years,Percentage of population in the labour force,5.2,,True
2003,CY,Cyprus,TOTAL,All ISCED 2011 levels ,Total,Y15-64,From 15 to 64 years,Percentage of population in the labour force,1.0,,True
2003,LV,Latvia,TOTAL,All ISCED 2011 levels ,Total,Y15-64,From 15 to 64 years,Percentage of population in the labour force,5.8,,True
2003,LT,Lithuania,TOTAL,All ISCED 2011 levels ,Total,Y15-64,From 15 to 64 years,Percentage of population in the labour force,5.8,,True
2003,LU,Luxembourg,TOTAL,All ISCED 2011 levels ,Total,Y15-64,From 15 to 64 years,Percentage of population in the labour force,0.9,b,True
2003,HU,Hungary,TOTAL,All ISCED 2011 levels ,Total,Y15-64,From 15 to 64 years,Percentage of population in the labour force,2.4,,True
2003,MT,Malta,TOTAL,All ISCED 2011 levels ,Total,Y15-64,From 15 to 64 years,Percentage of population in the labour force,2.6,,True
2003,NL,Netherlands,TOTAL,All ISCED 2011 levels ,Total,Y15-64,From 15 to 64 years,Percentage of population in the labour force,1.0,,True
2003,AT,Austria,TOTAL,All ISCED 2011 levels ,Total,Y15-64,From 15 to 64 years,Percentage of population in the labour force,1.1,,True
2003,PL,Poland,TOTAL,All ISCED 2011 levels ,Total,Y15-64,From 15 to 64 years,Percentage of population in the labour force,10.8,b,True
2003,PT,Portugal,TOTAL,All ISCED 2011 levels ,Total,Y15-64,From 15 to 64 years,Percentage of population in the labour force,2.1,,True
2003,RO,Romania,TOTAL,All ISCED 2011 levels ,Total,Y15-64,From 15 to 64 years,Percentage of population in the labour force,4.5,b,True
2003,SI,Slovenia,TOTAL,All ISCED 2011 levels ,Total,Y15-64,From 15 to 64 years,Percentage of population in the labour force,3.7,,True
2003,SK,Slovakia,TOTAL,All ISCED 2011 levels ,Total,Y15-64,From 15 to 64 years,Percentage of population in the labour force,11.4,b,True
2003,FI,Finland,TOTAL,All ISCED 2011 levels ,Total,Y15-64,From 15 to 64 years,Percentage of population in the labour force,2.2,,True
2003,SE,Sweden,TOTAL,All ISCED 2011 levels ,Total,Y15-64,From 15 to 64 years,Percentage of population in the labour force,0.9,,True
2003,NO,Norway,TOTAL,All ISCED 2011 levels ,Total,Y15-64,From 15 to 64 years,Percentage of population in the labour force,0.5,,True
2003,CH,Switzerland,TOTAL,All ISCED 2011 levels ,Total,Y15-64,From 15 to 64 years,Percentage of population in the labour force,1.0,,True
2003,UK,United Kingdom,TOTAL,All ISCED 2011 levels ,Total,Y15-64,From 15 to 64 years,Percentage of population in the labour force,1.1,,True
2004,BE,Belgium,TOTAL,All ISCED 2011 levels ,Total,Y15-64,From 15 to 64 years,Percentage of population in the labour force,3.7,,True
2004,BG,Bulgaria,TOTAL,All ISCED 2011 levels ,Total,Y15-64,From 15 to 64 years,Percentage of population in the labour force,7.0,,True
2004,CZ,Czechia,TOTAL,All ISCED 2011 levels ,Total,Y15-64,From 15 to 64 years,Percentage of population in the labour force,4.2,,True
2004,DK,Denmark,TOTAL,All ISCED 2011 levels ,Total,Y15-64,From 15 to 64 years,Percentage of population in the labour force,1.2,,True
2004,DE,Germany (until 1990 former territory of the FRG),TOTAL,All ISCED 2011 levels ,Total,Y15-64,From 15 to 64 years,Percentage of population in the labour force,5.5,,True
2004,EE,Estonia,TOTAL,All ISCED 2011 levels ,Total,Y15-64,From 15 to 64 years,Percentage of population in the labour force,5.5,,True
2004,IE,Ireland,TOTAL,All ISCED 2011 levels ,Total,Y15-64,From 15 to 64 years,Percentage of population in the labour force,1.5,,True
2004,EL,Greece,TOTAL,All ISCED 2011 levels ,Total,Y15-64,From 15 to 64 years,Percentage of population in the labour force,5.7,b,True
2004,ES,Spain,TOTAL,All ISCED 2011 levels ,Total,Y15-64,From 15 to 64 years,Percentage of population in the labour force,3.6,,True
2004,FR,France,TOTAL,All ISCED 2011 levels ,Total,Y15-64,From 15 to 64 years,Percentage of population in the labour force,3.6,,True
2004,HR,Croatia,TOTAL,All ISCED 2011 levels ,Total,Y15-64,From 15 to 64 years,Percentage of population in the labour force,7.6,,True
2004,IT,Italy,TOTAL,All ISCED 2011 levels ,Total,Y15-64,From 15 to 64 years,Percentage of population in the labour force,3.8,b,True
2004,CY,Cyprus,TOTAL,All ISCED 2011 levels ,Total,Y15-64,From 15 to 64 years,Percentage of population in the labour force,1.2,,True
2004,LV,Latvia,TOTAL,All ISCED 2011 levels ,Total,Y15-64,From 15 to 64 years,Percentage of population in the labour force,5.0,,True
2004,LT,Lithuania,TOTAL,All ISCED 2011 levels ,Total,Y15-64,From 15 to 64 years,Percentage of population in the labour force,5.7,,True
2004,LU,Luxembourg,TOTAL,All ISCED 2011 levels ,Total,Y15-64,From 15 to 64 years,Percentage of population in the labour force,1.1,,True
2004,HU,Hungary,TOTAL,All ISCED 2011 levels ,Total,Y15-64,From 15 to 64 years,Percentage of population in the labour force,2.6,,True
2004,MT,Malta,TOTAL,All ISCED 2011 levels ,Total,Y15-64,From 15 to 64 years,Percentage of population in the labour force,3.6,b,True
2004,NL,Netherlands,TOTAL,All ISCED 2011 levels ,Total,Y15-64,From 15 to 64 years,Percentage of population in the labour force,1.5,,True
2004,AT,Austria,TOTAL,All ISCED 2011 levels ,Total,Y15-64,From 15 to 64 years,Percentage of population in the labour force,1.6,b,True
2004,PL,Poland,TOTAL,All ISCED 2011 levels ,Total,Y15-64,From 15 to 64 years,Percentage of population in the labour force,10.4,b,True
2004,PT,Portugal,TOTAL,All ISCED 2011 levels ,Total,Y15-64,From 15 to 64 years,Percentage of population in the labour force,2.9,,True
2004,RO,Romania,TOTAL,All ISCED 2011 levels ,Total,Y15-64,From 15 to 64 years,Percentage of population in the labour force,4.8,,True
2004,SI,Slovenia,TOTAL,All ISCED 2011 levels ,Total,Y15-64,From 15 to 64 years,Percentage of population in the labour force,3.3,,True
2004,SK,Slovakia,TOTAL,All ISCED 2011 levels ,Total,Y15-64,From 15 to 64 years,Percentage of population in the labour force,11.9,,True
2004,FI,Finland,TOTAL,All ISCED 2011 levels ,Total,Y15-64,From 15 to 64 years,Percentage of population in the labour force,2.2,,True
2004,SE,Sweden,TOTAL,All ISCED 2011 levels ,Total,Y15-64,From 15 to 64 years,Percentage of population in the labour force,1.2,,True
2004,NO,Norway,TOTAL,All ISCED 2011 levels ,Total,Y15-64,From 15 to 64 years,Percentage of population in the labour force,0.9,,True
2004,CH,Switzerland,TOTAL,All ISCED 2011 levels ,Total,Y15-64,From 15 to 64 years,Percentage of population in the labour force,1.4,,True
2004,UK,United Kingdom,TOTAL,All ISCED 2011 levels ,Total,Y15-64,From 15 to 64 years,Percentage of population in the labour force,1.0,b,True
2005,BE,Belgium,TOTAL,All ISCED 2011 levels ,Total,Y15-64,From 15 to 64 years,Percentage of population in the labour force,4.4,b,True
2005,BG,Bulgaria,TOTAL,All ISCED 2011 levels ,Total,Y15-64,From 15 to 64 years,Percentage of population in the labour force,6.1,b,True
2005,CZ,Czechia,TOTAL,All ISCED 2011 levels ,Total,Y15-64,From 15 to 64 years,Percentage of population in the labour force,4.2,b,True
2005,DK,Denmark,TOTAL,All ISCED 2011 levels ,Total,Y15-64,From 15 to 64 years,Percentage of population in the labour force,1.1,b,True
2005,DE,Germany (until 1990 former territory of the FRG),TOTAL,All ISCED 2011 levels ,Total,Y15-64,From 15 to 64 years,Percentage of population in the labour force,5.9,b,True
2005,EE,Estonia,TOTAL,All ISCED 2011 levels ,Total,Y15-64,From 15 to 64 years,Percentage of population in the labour force,4.5,b,True
2005,IE,Ireland,TOTAL,All ISCED 2011 levels ,Total,Y15-64,From 15 to 64 years,Percentage of population in the labour force,1.5,b,True
2005,EL,Greece,TOTAL,All ISCED 2011 levels ,Total,Y15-64,From 15 to 64 years,Percentage of population in the labour force,5.3,b,True
2005,ES,Spain,TOTAL,All ISCED 2011 levels ,Total,Y15-64,From 15 to 64 years,Percentage of population in the labour force,2.2,b,True
2005,FR,France,TOTAL,All ISCED 2011 levels ,Total,Y15-64,From 15 to 64 years,Percentage of population in the labour force,3.6,b,True
2005,HR,Croatia,TOTAL,All ISCED 2011 levels ,Total,Y15-64,From 15 to 64 years,Percentage of population in the labour force,7.6,b,True
2005,IT,Italy,TOTAL,All ISCED 2011 levels ,Total,Y15-64,From 15 to 64 years,Percentage of population in the labour force,3.8,b,True
2005,CY,Cyprus,TOTAL,All ISCED 2011 levels ,Total,Y15-64,From 15 to 64 years,Percentage of population in the labour force,1.3,b,True
2005,LV,Latvia,TOTAL,All ISCED 2011 levels ,Total,Y15-64,From 15 to 64 years,Percentage of population in the labour force,4.5,b,True
2005,LT,Lithuania,TOTAL,All ISCED 2011 levels ,Total,Y15-64,From 15 to 64 years,Percentage of population in the labour force,4.5,b,True
2005,LU,Luxembourg,TOTAL,All ISCED 2011 levels ,Total,Y15-64,From 15 to 64 years,Percentage of population in the labour force,1.2,b,True
2005,HU,Hungary,TOTAL,All ISCED 2011 levels ,Total,Y15-64,From 15 to 64 years,Percentage of population in the labour force,3.2,b,True
2005,MT,Malta,TOTAL,All ISCED 2011 levels ,Total,Y15-64,From 15 to 64 years,Percentage of population in the labour force,3.4,b,True
2005,NL,Netherlands,TOTAL,All ISCED 2011 levels ,Total,Y15-64,From 15 to 64 years,Percentage of population in the labour force,2.3,b,True
2005,AT,Austria,TOTAL,All ISCED 2011 levels ,Total,Y15-64,From 15 to 64 years,Percentage of population in the labour force,1.4,b,True
2005,PL,Poland,TOTAL,All ISCED 2011 levels ,Total,Y15-64,From 15 to 64 years,Percentage of population in the labour force,10.4,b,True
2005,PT,Portugal,TOTAL,All ISCED 2011 levels ,Total,Y15-64,From 15 to 64 years,Percentage of population in the labour force,3.9,b,True
2005,RO,Romania,TOTAL,All ISCED 2011 levels ,Total,Y15-64,From 15 to 64 years,Percentage of population in the labour force,4.2,b,True
2005,SI,Slovenia,TOTAL,All ISCED 2011 levels ,Total,Y15-64,From 15 to 64 years,Percentage of population in the labour force,3.2,b,True
2005,SK,Slovakia,TOTAL,All ISCED 2011 levels ,Total,Y15-64,From 15 to 64 years,Percentage of population in the labour force,11.7,b,True
2005,FI,Finland,TOTAL,All ISCED 2011 levels ,Total,Y15-64,From 15 to 64 years,Percentage of population in the labour force,2.2,b,True
2005,NO,Norway,TOTAL,All ISCED 2011 levels ,Total,Y15-64,From 15 to 64 years,Percentage of population in the labour force,0.8,b,True
2005,CH,Switzerland,TOTAL,All ISCED 2011 levels ,Total,Y15-64,From 15 to 64 years,Percentage of population in the labour force,1.6,b,True
2005,UK,United Kingdom,TOTAL,All ISCED 2011 levels ,Total,Y15-64,From 15 to 64 years,Percentage of population in the labour force,1.0,b,True
2006,BE,Belgium,TOTAL,All ISCED 2011 levels ,Total,Y15-64,From 15 to 64 years,Percentage of population in the labour force,4.2,,True
2006,BG,Bulgaria,TOTAL,All ISCED 2011 levels ,Total,Y15-64,From 15 to 64 years,Percentage of population in the labour force,5.0,,True
2006,CZ,Czechia,TOTAL,All ISCED 2011 levels ,Total,Y15-64,From 15 to 64 years,Percentage of population in the labour force,3.9,,True
2006,DK,Denmark,TOTAL,All ISCED 2011 levels ,Total,Y15-64,From 15 to 64 years,Percentage of population in the labour force,0.8,,True
2006,DE,Germany (until 1990 former territory of the FRG),TOTAL,All ISCED 2011 levels ,Total,Y15-64,From 15 to 64 years,Percentage of population in the labour force,5.8,b,True
2006,EE,Estonia,TOTAL,All ISCED 2011 levels ,Total,Y15-64,From 15 to 64 years,Percentage of population in the labour force,2.9,,True
2006,IE,Ireland,TOTAL,All ISCED 2011 levels ,Total,Y15-64,From 15 to 64 years,Percentage of population in the labour force,1.4,,True
2006,EL,Greece,TOTAL,All ISCED 2011 levels ,Total,Y15-64,From 15 to 64 years,Percentage of population in the labour force,4.9,,True
2006,ES,Spain,TOTAL,All ISCED 2011 levels ,Total,Y15-64,From 15 to 64 years,Percentage of population in the labour force,1.8,b,True
2006,FR,France,TOTAL,All ISCED 2011 levels ,Total,Y15-64,From 15 to 64 years,Percentage of population in the labour force,3.7,b,True
2006,HR,Croatia,TOTAL,All ISCED 2011 levels ,Total,Y15-64,From 15 to 64 years,Percentage of population in the labour force,6.9,b,True
2006,IT,Italy,TOTAL,All ISCED 2011 levels ,Total,Y15-64,From 15 to 64 years,Percentage of population in the labour force,3.3,,True
2006,CY,Cyprus,TOTAL,All ISCED 2011 levels ,Total,Y15-64,From 15 to 64 years,Percentage of population in the labour force,0.9,,True
2006,LV,Latvia,TOTAL,All ISCED 2011 levels ,Total,Y15-64,From 15 to 64 years,Percentage of population in the labour force,2.5,,True
2006,LT,Lithuania,TOTAL,All ISCED 2011 levels ,Total,Y15-64,From 15 to 64 years,Percentage of population in the labour force,2.6,,True
2006,LU,Luxembourg,TOTAL,All ISCED 2011 levels ,Total,Y15-64,From 15 to 64 years,Percentage of population in the labour force,1.4,,True
2006,HU,Hungary,TOTAL,All ISCED 2011 levels ,Total,Y15-64,From 15 to 64 years,Percentage of population in the labour force,3.4,,True
2006,MT,Malta,TOTAL,All ISCED 2011 levels ,Total,Y15-64,From 15 to 64 years,Percentage of population in the labour force,2.7,,True
2006,NL,Netherlands,TOTAL,All ISCED 2011 levels ,Total,Y15-64,From 15 to 64 years,Percentage of population in the labour force,2.1,b,True
2006,AT,Austria,TOTAL,All ISCED 2011 levels ,Total,Y15-64,From 15 to 64 years,Percentage of population in the labour force,1.5,,True
2006,PL,Poland,TOTAL,All ISCED 2011 levels ,Total,Y15-64,From 15 to 64 years,Percentage of population in the labour force,7.9,,True
2006,PT,Portugal,TOTAL,All ISCED 2011 levels ,Total,Y15-64,From 15 to 64 years,Percentage of population in the labour force,4.1,,True
2006,RO,Romania,TOTAL,All ISCED 2011 levels ,Total,Y15-64,From 15 to 64 years,Percentage of population in the labour force,4.3,,True
2006,SI,Slovenia,TOTAL,All ISCED 2011 levels ,Total,Y15-64,From 15 to 64 years,Percentage of population in the labour force,3.0,,True
2006,SK,Slovakia,TOTAL,All ISCED 2011 levels ,Total,Y15-64,From 15 to 64 years,Percentage of population in the labour force,10.2,,True
2006,FI,Finland,TOTAL,All ISCED 2011 levels ,Total,Y15-64,From 15 to 64 years,Percentage of population in the labour force,1.9,,True
2006,NO,Norway,TOTAL,All ISCED 2011 levels ,Total,Y15-64,From 15 to 64 years,Percentage of population in the labour force,0.8,b,True
2006,CH,Switzerland,TOTAL,All ISCED 2011 levels ,Total,Y15-64,From 15 to 64 years,Percentage of population in the labour force,1.5,,True
2006,UK,United Kingdom,TOTAL,All ISCED 2011 levels ,Total,Y15-64,From 15 to 64 years,Percentage of population in the labour force,1.2,,True
2006,MK,North Macedonia,TOTAL,All ISCED 2011 levels ,Total,Y15-64,From 15 to 64 years,Percentage of population in the labour force,30.4,,True
2006,TR,Turkey,TOTAL,All ISCED 2011 levels ,Total,Y15-64,From 15 to 64 years,Percentage of population in the labour force,2.7,,True
2007,BE,Belgium,TOTAL,All ISCED 2011 levels ,Total,Y15-64,From 15 to 64 years,Percentage of population in the labour force,3.8,,True
2007,BG,Bulgaria,TOTAL,All ISCED 2011 levels ,Total,Y15-64,From 15 to 64 years,Percentage of population in the labour force,4.1,,True
2007,CZ,Czechia,TOTAL,All ISCED 2011 levels ,Total,Y15-64,From 15 to 64 years,Percentage of population in the labour force,2.8,,True
2007,DK,Denmark,TOTAL,All ISCED 2011 levels ,Total,Y15-64,From 15 to 64 years,Percentage of population in the labour force,0.6,,True
2007,DE,Germany (until 1990 former territory of the FRG),TOTAL,All ISCED 2011 levels ,Total,Y15-64,From 15 to 64 years,Percentage of population in the labour force,4.9,,True
2007,EE,Estonia,TOTAL,All ISCED 2011 levels ,Total,Y15-64,From 15 to 64 years,Percentage of population in the labour force,2.3,,True
2007,IE,Ireland,TOTAL,All ISCED 2011 levels ,Total,Y15-64,From 15 to 64 years,Percentage of population in the labour force,1.4,b,True
2007,EL,Greece,TOTAL,All ISCED 2011 levels ,Total,Y15-64,From 15 to 64 years,Percentage of population in the labour force,4.2,,True
2007,ES,Spain,TOTAL,All ISCED 2011 levels ,Total,Y15-64,From 15 to 64 years,Percentage of population in the labour force,1.7,,True
2007,FR,France,TOTAL,All ISCED 2011 levels ,Total,Y15-64,From 15 to 64 years,Percentage of population in the labour force,3.4,,True
2007,HR,Croatia,TOTAL,All ISCED 2011 levels ,Total,Y15-64,From 15 to 64 years,Percentage of population in the labour force,6.1,,True
2007,IT,Italy,TOTAL,All ISCED 2011 levels ,Total,Y15-64,From 15 to 64 years,Percentage of population in the labour force,2.9,,True
2007,CY,Cyprus,TOTAL,All ISCED 2011 levels ,Total,Y15-64,From 15 to 64 years,Percentage of population in the labour force,0.7,,True
2007,LV,Latvia,TOTAL,All ISCED 2011 levels ,Total,Y15-64,From 15 to 64 years,Percentage of population in the labour force,1.7,,True
2007,LT,Lithuania,TOTAL,All ISCED 2011 levels ,Total,Y15-64,From 15 to 64 years,Percentage of population in the labour force,1.4,u,True
2007,LU,Luxembourg,TOTAL,All ISCED 2011 levels ,Total,Y15-64,From 15 to 64 years,Percentage of population in the labour force,1.2,b,True
2007,HU,Hungary,TOTAL,All ISCED 2011 levels ,Total,Y15-64,From 15 to 64 years,Percentage of population in the labour force,3.5,,True
2007,MT,Malta,TOTAL,All ISCED 2011 levels ,Total,Y15-64,From 15 to 64 years,Percentage of population in the labour force,2.7,,True
2007,NL,Netherlands,TOTAL,All ISCED 2011 levels ,Total,Y15-64,From 15 to 64 years,Percentage of population in the labour force,1.6,,True
2007,AT,Austria,TOTAL,All ISCED 2011 levels ,Total,Y15-64,From 15 to 64 years,Percentage of population in the labour force,1.3,b,True
2007,PL,Poland,TOTAL,All ISCED 2011 levels ,Total,Y15-64,From 15 to 64 years,Percentage of population in the labour force,5.0,,True
2007,PT,Portugal,TOTAL,All ISCED 2011 levels ,Total,Y15-64,From 15 to 64 years,Percentage of population in the labour force,4.0,,True
2007,RO,Romania,TOTAL,All ISCED 2011 levels ,Total,Y15-64,From 15 to 64 years,Percentage of population in the labour force,3.4,,True
2007,SI,Slovenia,TOTAL,All ISCED 2011 levels ,Total,Y15-64,From 15 to 64 years,Percentage of population in the labour force,2.3,,True
2007,SK,Slovakia,TOTAL,All ISCED 2011 levels ,Total,Y15-64,From 15 to 64 years,Percentage of population in the labour force,8.3,,True
2007,FI,Finland,TOTAL,All ISCED 2011 levels ,Total,Y15-64,From 15 to 64 years,Percentage of population in the labour force,1.6,b,True
2007,SE,Sweden,TOTAL,All ISCED 2011 levels ,Total,Y15-64,From 15 to 64 years,Percentage of population in the labour force,0.9,,True
2007,NO,Norway,TOTAL,All ISCED 2011 levels ,Total,Y15-64,From 15 to 64 years,Percentage of population in the labour force,0.4,,True
2007,CH,Switzerland,TOTAL,All ISCED 2011 levels ,Total,Y15-64,From 15 to 64 years,Percentage of population in the labour force,1.4,,True
2007,UK,United Kingdom,TOTAL,All ISCED 2011 levels ,Total,Y15-64,From 15 to 64 years,Percentage of population in the labour force,1.3,b,True
2007,MK,North Macedonia,TOTAL,All ISCED 2011 levels ,Total,Y15-64,From 15 to 64 years,Percentage of population in the labour force,29.9,,True
2007,TR,Turkey,TOTAL,All ISCED 2011 levels ,Total,Y15-64,From 15 to 64 years,Percentage of population in the labour force,2.4,,True
2008,BE,Belgium,TOTAL,All ISCED 2011 levels ,Total,Y15-64,From 15 to 64 years,Percentage of population in the labour force,3.3,,True
2008,BG,Bulgaria,TOTAL,All ISCED 2011 levels ,Total,Y15-64,From 15 to 64 years,Percentage of population in the labour force,2.9,b,True
2008,CZ,Czechia,TOTAL,All ISCED 2011 levels ,Total,Y15-64,From 15 to 64 years,Percentage of population in the labour force,2.2,,True
2008,DK,Denmark,TOTAL,All ISCED 2011 levels ,Total,Y15-64,From 15 to 64 years,Percentage of population in the labour force,0.5,b,True
2008,DE,Germany (until 1990 former territory of the FRG),TOTAL,All ISCED 2011 levels ,Total,Y15-64,From 15 to 64 years,Percentage of population in the labour force,4.0,,True
2008,EE,Estonia,TOTAL,All ISCED 2011 levels ,Total,Y15-64,From 15 to 64 years,Percentage of population in the labour force,1.7,,True
2008,IE,Ireland,TOTAL,All ISCED 2011 levels ,Total,Y15-64,From 15 to 64 years,Percentage of population in the labour force,1.7,,True
2008,EL,Greece,TOTAL,All ISCED 2011 levels ,Total,Y15-64,From 15 to 64 years,Percentage of population in the labour force,3.7,,True
2008,ES,Spain,TOTAL,All ISCED 2011 levels ,Total,Y15-64,From 15 to 64 years,Percentage of population in the labour force,2.0,,True
2008,FR,France,TOTAL,All ISCED 2011 levels ,Total,Y15-64,From 15 to 64 years,Percentage of population in the labour force,3.0,,True
2008,HR,Croatia,TOTAL,All ISCED 2011 levels ,Total,Y15-64,From 15 to 64 years,Percentage of population in the labour force,5.4,,True
2008,IT,Italy,TOTAL,All ISCED 2011 levels ,Total,Y15-64,From 15 to 64 years,Percentage of population in the labour force,3.1,,True
2008,CY,Cyprus,TOTAL,All ISCED 2011 levels ,Total,Y15-64,From 15 to 64 years,Percentage of population in the labour force,0.5,,True
2008,LV,Latvia,TOTAL,All ISCED 2011 levels ,Total,Y15-64,From 15 to 64 years,Percentage of population in the labour force,1.9,,True
2008,LT,Lithuania,TOTAL,All ISCED 2011 levels ,Total,Y15-64,From 15 to 64 years,Percentage of population in the labour force,1.3,u,True
2008,LU,Luxembourg,TOTAL,All ISCED 2011 levels ,Total,Y15-64,From 15 to 64 years,Percentage of population in the labour force,1.6,,True
2008,HU,Hungary,TOTAL,All ISCED 2011 levels ,Total,Y15-64,From 15 to 64 years,Percentage of population in the labour force,3.6,,True
2008,MT,Malta,TOTAL,All ISCED 2011 levels ,Total,Y15-64,From 15 to 64 years,Percentage of population in the labour force,2.6,,True
2008,NL,Netherlands,TOTAL,All ISCED 2011 levels ,Total,Y15-64,From 15 to 64 years,Percentage of population in the labour force,1.2,,True
2008,AT,Austria,TOTAL,All ISCED 2011 levels ,Total,Y15-64,From 15 to 64 years,Percentage of population in the labour force,1.0,,True
2008,PL,Poland,TOTAL,All ISCED 2011 levels ,Total,Y15-64,From 15 to 64 years,Percentage of population in the labour force,2.4,b,True
2008,PT,Portugal,TOTAL,All ISCED 2011 levels ,Total,Y15-64,From 15 to 64 years,Percentage of population in the labour force,3.8,,True
2008,RO,Romania,TOTAL,All ISCED 2011 levels ,Total,Y15-64,From 15 to 64 years,Percentage of population in the labour force,2.5,,True
2008,SI,Slovenia,TOTAL,All ISCED 2011 levels ,Total,Y15-64,From 15 to 64 years,Percentage of population in the labour force,1.9,,True
2008,SK,Slovakia,TOTAL,All ISCED 2011 levels ,Total,Y15-64,From 15 to 64 years,Percentage of population in the labour force,6.6,,True
2008,FI,Finland,TOTAL,All ISCED 2011 levels ,Total,Y15-64,From 15 to 64 years,Percentage of population in the labour force,1.2,b,True
2008,SE,Sweden,TOTAL,All ISCED 2011 levels ,Total,Y15-64,From 15 to 64 years,Percentage of population in the labour force,0.8,,True
2008,NO,Norway,TOTAL,All ISCED 2011 levels ,Total,Y15-64,From 15 to 64 years,Percentage of population in the labour force,0.3,,True
2008,CH,Switzerland,TOTAL,All ISCED 2011 levels ,Total,Y15-64,From 15 to 64 years,Percentage of population in the labour force,1.1,,True
2008,UK,United Kingdom,TOTAL,All ISCED 2011 levels ,Total,Y15-64,From 15 to 64 years,Percentage of population in the labour force,1.4,b,True
2008,MK,North Macedonia,TOTAL,All ISCED 2011 levels ,Total,Y15-64,From 15 to 64 years,Percentage of population in the labour force,28.8,,True
2008,TR,Turkey,TOTAL,All ISCED 2011 levels ,Total,Y15-64,From 15 to 64 years,Percentage of population in the labour force,2.4,,True
2009,BE,Belgium,TOTAL,All ISCED 2011 levels ,Total,Y15-64,From 15 to 64 years,Percentage of population in the labour force,3.5,,True
2009,BG,Bulgaria,TOTAL,All ISCED 2011 levels ,Total,Y15-64,From 15 to 64 years,Percentage of population in the labour force,3.0,,True
2009,CZ,Czechia,TOTAL,All ISCED 2011 levels ,Total,Y15-64,From 15 to 64 years,Percentage of population in the labour force,2.0,,True
2009,DK,Denmark,TOTAL,All ISCED 2011 levels ,Total,Y15-64,From 15 to 64 years,Percentage of population in the labour force,0.6,,True
2009,DE,Germany (until 1990 former territory of the FRG),TOTAL,All ISCED 2011 levels ,Total,Y15-64,From 15 to 64 years,Percentage of population in the labour force,3.5,,True
2009,EE,Estonia,TOTAL,All ISCED 2011 levels ,Total,Y15-64,From 15 to 64 years,Percentage of population in the labour force,3.8,,True
2009,IE,Ireland,TOTAL,All ISCED 2011 levels ,Total,Y15-64,From 15 to 64 years,Percentage of population in the labour force,3.6,,True
2009,EL,Greece,TOTAL,All ISCED 2011 levels ,Total,Y15-64,From 15 to 64 years,Percentage of population in the labour force,3.9,b,True
2009,ES,Spain,TOTAL,All ISCED 2011 levels ,Total,Y15-64,From 15 to 64 years,Percentage of population in the labour force,4.3,,True
2009,FR,France,TOTAL,All ISCED 2011 levels ,Total,Y15-64,From 15 to 64 years,Percentage of population in the labour force,3.4,,True
2009,HR,Croatia,TOTAL,All ISCED 2011 levels ,Total,Y15-64,From 15 to 64 years,Percentage of population in the labour force,5.2,,True
2009,IT,Italy,TOTAL,All ISCED 2011 levels ,Total,Y15-64,From 15 to 64 years,Percentage of population in the labour force,3.5,,True
2009,CY,Cyprus,TOTAL,All ISCED 2011 levels ,Total,Y15-64,From 15 to 64 years,Percentage of population in the labour force,0.6,b,True
2009,LV,Latvia,TOTAL,All ISCED 2011 levels ,Total,Y15-64,From 15 to 64 years,Percentage of population in the labour force,4.6,,True
2009,LT,Lithuania,TOTAL,All ISCED 2011 levels ,Total,Y15-64,From 15 to 64 years,Percentage of population in the labour force,3.3,,True
2009,LU,Luxembourg,TOTAL,All ISCED 2011 levels ,Total,Y15-64,From 15 to 64 years,Percentage of population in the labour force,1.2,b,True
2009,HU,Hungary,TOTAL,All ISCED 2011 levels ,Total,Y15-64,From 15 to 64 years,Percentage of population in the labour force,4.2,,True
2009,MT,Malta,TOTAL,All ISCED 2011 levels ,Total,Y15-64,From 15 to 64 years,Percentage of population in the labour force,2.9,,True
2009,NL,Netherlands,TOTAL,All ISCED 2011 levels ,Total,Y15-64,From 15 to 64 years,Percentage of population in the labour force,1.1,,True
2009,AT,Austria,TOTAL,All ISCED 2011 levels ,Total,Y15-64,From 15 to 64 years,Percentage of population in the labour force,1.2,,True
2009,PL,Poland,TOTAL,All ISCED 2011 levels ,Total,Y15-64,From 15 to 64 years,Percentage of population in the labour force,2.5,,True
2009,PT,Portugal,TOTAL,All ISCED 2011 levels ,Total,Y15-64,From 15 to 64 years,Percentage of population in the labour force,4.4,,True
2009,RO,Romania,TOTAL,All ISCED 2011 levels ,Total,Y15-64,From 15 to 64 years,Percentage of population in the labour force,2.3,,True
2009,SI,Slovenia,TOTAL,All ISCED 2011 levels ,Total,Y15-64,From 15 to 64 years,Percentage of population in the labour force,1.8,,True
2009,SK,Slovakia,TOTAL,All ISCED 2011 levels ,Total,Y15-64,From 15 to 64 years,Percentage of population in the labour force,6.5,,True
2009,FI,Finland,TOTAL,All ISCED 2011 levels ,Total,Y15-64,From 15 to 64 years,Percentage of population in the labour force,1.4,,True
2009,SE,Sweden,TOTAL,All ISCED 2011 levels ,Total,Y15-64,From 15 to 64 years,Percentage of population in the labour force,1.1,,True
2009,IS,Iceland,TOTAL,All ISCED 2011 levels ,Total,Y15-64,From 15 to 64 years,Percentage of population in the labour force,0.4,,True
2009,NO,Norway,TOTAL,All ISCED 2011 levels ,Total,Y15-64,From 15 to 64 years,Percentage of population in the labour force,0.5,,True
2009,CH,Switzerland,TOTAL,All ISCED 2011 levels ,Total,Y15-64,From 15 to 64 years,Percentage of population in the labour force,1.2,,True
2009,UK,United Kingdom,TOTAL,All ISCED 2011 levels ,Total,Y15-64,From 15 to 64 years,Percentage of population in the labour force,1.9,,True
2009,MK,North Macedonia,TOTAL,All ISCED 2011 levels ,Total,Y15-64,From 15 to 64 years,Percentage of population in the labour force,26.4,,True
2009,TR,Turkey,TOTAL,All ISCED 2011 levels ,Total,Y15-64,From 15 to 64 years,Percentage of population in the labour force,2.9,,True
2010,BE,Belgium,TOTAL,All ISCED 2011 levels ,Total,Y15-64,From 15 to 64 years,Percentage of population in the labour force,4.1,,True
2010,BG,Bulgaria,TOTAL,All ISCED 2011 levels ,Total,Y15-64,From 15 to 64 years,Percentage of population in the labour force,4.8,b,True
2010,CZ,Czechia,TOTAL,All ISCED 2011 levels ,Total,Y15-64,From 15 to 64 years,Percentage of population in the labour force,3.0,,True
2010,DK,Denmark,TOTAL,All ISCED 2011 levels ,Total,Y15-64,From 15 to 64 years,Percentage of population in the labour force,1.5,,True
2010,DE,Germany (until 1990 former territory of the FRG),TOTAL,All ISCED 2011 levels ,Total,Y15-64,From 15 to 64 years,Percentage of population in the labour force,3.3,b,True
2010,EE,Estonia,TOTAL,All ISCED 2011 levels ,Total,Y15-64,From 15 to 64 years,Percentage of population in the labour force,7.7,,True
2010,IE,Ireland,TOTAL,All ISCED 2011 levels ,Total,Y15-64,From 15 to 64 years,Percentage of population in the labour force,7.0,,True
2010,EL,Greece,TOTAL,All ISCED 2011 levels ,Total,Y15-64,From 15 to 64 years,Percentage of population in the labour force,5.8,,True
2010,ES,Spain,TOTAL,All ISCED 2011 levels ,Total,Y15-64,From 15 to 64 years,Percentage of population in the labour force,7.3,,True
2010,FR,France,TOTAL,All ISCED 2011 levels ,Total,Y15-64,From 15 to 64 years,Percentage of population in the labour force,3.9,,True
2010,HR,Croatia,TOTAL,All ISCED 2011 levels ,Total,Y15-64,From 15 to 64 years,Percentage of population in the labour force,6.7,,True
2010,IT,Italy,TOTAL,All ISCED 2011 levels ,Total,Y15-64,From 15 to 64 years,Percentage of population in the labour force,4.1,,True
2010,CY,Cyprus,TOTAL,All ISCED 2011 levels ,Total,Y15-64,From 15 to 64 years,Percentage of population in the labour force,1.3,,True
2010,LV,Latvia,TOTAL,All ISCED 2011 levels ,Total,Y15-64,From 15 to 64 years,Percentage of population in the labour force,8.9,,True
2010,LT,Lithuania,TOTAL,All ISCED 2011 levels ,Total,Y15-64,From 15 to 64 years,Percentage of population in the labour force,7.5,,True
2010,LU,Luxembourg,TOTAL,All ISCED 2011 levels ,Total,Y15-64,From 15 to 64 years,Percentage of population in the labour force,1.3,,True
2010,HU,Hungary,TOTAL,All ISCED 2011 levels ,Total,Y15-64,From 15 to 64 years,Percentage of population in the labour force,5.5,,True
2010,MT,Malta,TOTAL,All ISCED 2011 levels ,Total,Y15-64,From 15 to 64 years,Percentage of population in the labour force,4.1,b,True
2010,NL,Netherlands,TOTAL,All ISCED 2011 levels ,Total,Y15-64,From 15 to 64 years,Percentage of population in the labour force,1.3,,True
2010,AT,Austria,TOTAL,All ISCED 2011 levels ,Total,Y15-64,From 15 to 64 years,Percentage of population in the labour force,1.2,,True
2010,PL,Poland,TOTAL,All ISCED 2011 levels ,Total,Y15-64,From 15 to 64 years,Percentage of population in the labour force,3.0,b,True
2010,PT,Portugal,TOTAL,All ISCED 2011 levels ,Total,Y15-64,From 15 to 64 years,Percentage of population in the labour force,5.9,,True
2010,RO,Romania,TOTAL,All ISCED 2011 levels ,Total,Y15-64,From 15 to 64 years,Percentage of population in the labour force,2.5,b,True
2010,SI,Slovenia,TOTAL,All ISCED 2011 levels ,Total,Y15-64,From 15 to 64 years,Percentage of population in the labour force,3.2,,True
2010,SK,Slovakia,TOTAL,All ISCED 2011 levels ,Total,Y15-64,From 15 to 64 years,Percentage of population in the labour force,9.2,,True
2010,FI,Finland,TOTAL,All ISCED 2011 levels ,Total,Y15-64,From 15 to 64 years,Percentage of population in the labour force,2.0,,True
2010,SE,Sweden,TOTAL,All ISCED 2011 levels ,Total,Y15-64,From 15 to 64 years,Percentage of population in the labour force,1.6,,True
2010,IS,Iceland,TOTAL,All ISCED 2011 levels ,Total,Y15-64,From 15 to 64 years,Percentage of population in the labour force,1.3,,True
2010,NO,Norway,TOTAL,All ISCED 2011 levels ,Total,Y15-64,From 15 to 64 years,Percentage of population in the labour force,0.7,,True
2010,CH,Switzerland,TOTAL,All ISCED 2011 levels ,Total,Y15-64,From 15 to 64 years,Percentage of population in the labour force,1.6,b,True
2010,UK,United Kingdom,TOTAL,All ISCED 2011 levels ,Total,Y15-64,From 15 to 64 years,Percentage of population in the labour force,2.6,,True
2010,MK,North Macedonia,TOTAL,All ISCED 2011 levels ,Total,Y15-64,From 15 to 64 years,Percentage of population in the labour force,26.8,,True
2010,RS,Serbia,TOTAL,All ISCED 2011 levels ,Total,Y15-64,From 15 to 64 years,Percentage of population in the labour force,13.6,,True
2010,TR,Turkey,TOTAL,All ISCED 2011 levels ,Total,Y15-64,From 15 to 64 years,Percentage of population in the labour force,2.8,,True
2011,BE,Belgium,TOTAL,All ISCED 2011 levels ,Total,Y15-64,From 15 to 64 years,Percentage of population in the labour force,3.5,b,True
2011,BG,Bulgaria,TOTAL,All ISCED 2011 levels ,Total,Y15-64,From 15 to 64 years,Percentage of population in the labour force,6.3,b,True
2011,CZ,Czechia,TOTAL,All ISCED 2011 levels ,Total,Y15-64,From 15 to 64 years,Percentage of population in the labour force,2.8,b,True
2011,DK,Denmark,TOTAL,All ISCED 2011 levels ,Total,Y15-64,From 15 to 64 years,Percentage of population in the labour force,1.8,,True
2011,DE,Germany (until 1990 former territory of the FRG),TOTAL,All ISCED 2011 levels ,Total,Y15-64,From 15 to 64 years,Percentage of population in the labour force,2.8,b,True
2011,EE,Estonia,TOTAL,All ISCED 2011 levels ,Total,Y15-64,From 15 to 64 years,Percentage of population in the labour force,7.2,,True
2011,IE,Ireland,TOTAL,All ISCED 2011 levels ,Total,Y15-64,From 15 to 64 years,Percentage of population in the labour force,8.9,,True
2011,EL,Greece,TOTAL,All ISCED 2011 levels ,Total,Y15-64,From 15 to 64 years,Percentage of population in the labour force,8.9,,True
2011,ES,Spain,TOTAL,All ISCED 2011 levels ,Total,Y15-64,From 15 to 64 years,Percentage of population in the labour force,8.9,,True
2011,FR,France,TOTAL,All ISCED 2011 levels ,Total,Y15-64,From 15 to 64 years,Percentage of population in the labour force,4.0,,True
2011,HR,Croatia,TOTAL,All ISCED 2011 levels ,Total,Y15-64,From 15 to 64 years,Percentage of population in the labour force,8.6,,True
2011,IT,Italy,TOTAL,All ISCED 2011 levels ,Total,Y15-64,From 15 to 64 years,Percentage of population in the labour force,4.4,,True
2011,CY,Cyprus,TOTAL,All ISCED 2011 levels ,Total,Y15-64,From 15 to 64 years,Percentage of population in the labour force,1.7,,True
2011,LV,Latvia,TOTAL,All ISCED 2011 levels ,Total,Y15-64,From 15 to 64 years,Percentage of population in the labour force,9.0,,True
2011,LT,Lithuania,TOTAL,All ISCED 2011 levels ,Total,Y15-64,From 15 to 64 years,Percentage of population in the labour force,8.2,,True
2011,LU,Luxembourg,TOTAL,All ISCED 2011 levels ,Total,Y15-64,From 15 to 64 years,Percentage of population in the labour force,1.4,,True
2011,HU,Hungary,TOTAL,All ISCED 2011 levels ,Total,Y15-64,From 15 to 64 years,Percentage of population in the labour force,5.3,,True
2011,MT,Malta,TOTAL,All ISCED 2011 levels ,Total,Y15-64,From 15 to 64 years,Percentage of population in the labour force,3.9,,True
2011,NL,Netherlands,TOTAL,All ISCED 2011 levels ,Total,Y15-64,From 15 to 64 years,Percentage of population in the labour force,1.6,,True
2011,AT,Austria,TOTAL,All ISCED 2011 levels ,Total,Y15-64,From 15 to 64 years,Percentage of population in the labour force,1.2,,True
2011,PL,Poland,TOTAL,All ISCED 2011 levels ,Total,Y15-64,From 15 to 64 years,Percentage of population in the labour force,3.6,,True
2011,PT,Portugal,TOTAL,All ISCED 2011 levels ,Total,Y15-64,From 15 to 64 years,Percentage of population in the labour force,6.4,b,True
2011,RO,Romania,TOTAL,All ISCED 2011 levels ,Total,Y15-64,From 15 to 64 years,Percentage of population in the labour force,3.1,,True
2011,SI,Slovenia,TOTAL,All ISCED 2011 levels ,Total,Y15-64,From 15 to 64 years,Percentage of population in the labour force,3.7,,True
2011,SK,Slovakia,TOTAL,All ISCED 2011 levels ,Total,Y15-64,From 15 to 64 years,Percentage of population in the labour force,9.3,b,True
2011,FI,Finland,TOTAL,All ISCED 2011 levels ,Total,Y15-64,From 15 to 64 years,Percentage of population in the labour force,1.7,,True
2011,SE,Sweden,TOTAL,All ISCED 2011 levels ,Total,Y15-64,From 15 to 64 years,Percentage of population in the labour force,1.5,,True
2011,IS,Iceland,TOTAL,All ISCED 2011 levels ,Total,Y15-64,From 15 to 64 years,Percentage of population in the labour force,1.6,,True
2011,NO,Norway,TOTAL,All ISCED 2011 levels ,Total,Y15-64,From 15 to 64 years,Percentage of population in the labour force,0.8,,True
2011,CH,Switzerland,TOTAL,All ISCED 2011 levels ,Total,Y15-64,From 15 to 64 years,Percentage of population in the labour force,1.6,,True
2011,UK,United Kingdom,TOTAL,All ISCED 2011 levels ,Total,Y15-64,From 15 to 64 years,Percentage of population in the labour force,2.7,,True
2011,ME,Montenegro,TOTAL,All ISCED 2011 levels ,Total,Y15-64,From 15 to 64 years,Percentage of population in the labour force,15.8,,True
2011,MK,North Macedonia,TOTAL,All ISCED 2011 levels ,Total,Y15-64,From 15 to 64 years,Percentage of population in the labour force,26.1,,True
2011,RS,Serbia,TOTAL,All ISCED 2011 levels ,Total,Y15-64,From 15 to 64 years,Percentage of population in the labour force,17.0,,True
2011,TR,Turkey,TOTAL,All ISCED 2011 levels ,Total,Y15-64,From 15 to 64 years,Percentage of population in the labour force,2.1,,True
2012,BE,Belgium,TOTAL,All ISCED 2011 levels ,Total,Y15-64,From 15 to 64 years,Percentage of population in the labour force,3.4,,True
2012,BG,Bulgaria,TOTAL,All ISCED 2011 levels ,Total,Y15-64,From 15 to 64 years,Percentage of population in the labour force,6.8,,True
2012,CZ,Czechia,TOTAL,All ISCED 2011 levels ,Total,Y15-64,From 15 to 64 years,Percentage of population in the labour force,3.1,,True
2012,DK,Denmark,TOTAL,All ISCED 2011 levels ,Total,Y15-64,From 15 to 64 years,Percentage of population in the labour force,2.1,,True
2012,DE,Germany (until 1990 former territory of the FRG),TOTAL,All ISCED 2011 levels ,Total,Y15-64,From 15 to 64 years,Percentage of population in the labour force,2.5,b,True
2012,EE,Estonia,TOTAL,All ISCED 2011 levels ,Total,Y15-64,From 15 to 64 years,Percentage of population in the labour force,5.6,,True
2012,IE,Ireland,TOTAL,All ISCED 2011 levels ,Total,Y15-64,From 15 to 64 years,Percentage of population in the labour force,9.3,,True
2012,EL,Greece,TOTAL,All ISCED 2011 levels ,Total,Y15-64,From 15 to 64 years,Percentage of population in the labour force,14.6,,True
2012,ES,Spain,TOTAL,All ISCED 2011 levels ,Total,Y15-64,From 15 to 64 years,Percentage of population in the labour force,11.1,,True
2012,FR,France,TOTAL,All ISCED 2011 levels ,Total,Y15-64,From 15 to 64 years,Percentage of population in the labour force,4.1,,True
2012,HR,Croatia,TOTAL,All ISCED 2011 levels ,Total,Y15-64,From 15 to 64 years,Percentage of population in the labour force,10.4,,True
2012,IT,Italy,TOTAL,All ISCED 2011 levels ,Total,Y15-64,From 15 to 64 years,Percentage of population in the labour force,5.7,,True
2012,CY,Cyprus,TOTAL,All ISCED 2011 levels ,Total,Y15-64,From 15 to 64 years,Percentage of population in the labour force,3.6,,True
2012,LV,Latvia,TOTAL,All ISCED 2011 levels ,Total,Y15-64,From 15 to 64 years,Percentage of population in the labour force,8.0,,True
2012,LT,Lithuania,TOTAL,All ISCED 2011 levels ,Total,Y15-64,From 15 to 64 years,Percentage of population in the labour force,6.7,,True
2012,LU,Luxembourg,TOTAL,All ISCED 2011 levels ,Total,Y15-64,From 15 to 64 years,Percentage of population in the labour force,1.6,,True
2012,HU,Hungary,TOTAL,All ISCED 2011 levels ,Total,Y15-64,From 15 to 64 years,Percentage of population in the labour force,5.0,,True
2012,MT,Malta,TOTAL,All ISCED 2011 levels ,Total,Y15-64,From 15 to 64 years,Percentage of population in the labour force,3.8,,True
2012,NL,Netherlands,TOTAL,All ISCED 2011 levels ,Total,Y15-64,From 15 to 64 years,Percentage of population in the labour force,1.9,,True
2012,AT,Austria,TOTAL,All ISCED 2011 levels ,Total,Y15-64,From 15 to 64 years,Percentage of population in the labour force,1.2,,True
2012,PL,Poland,TOTAL,All ISCED 2011 levels ,Total,Y15-64,From 15 to 64 years,Percentage of population in the labour force,4.1,,True
2012,PT,Portugal,TOTAL,All ISCED 2011 levels ,Total,Y15-64,From 15 to 64 years,Percentage of population in the labour force,7.9,,True
2012,RO,Romania,TOTAL,All ISCED 2011 levels ,Total,Y15-64,From 15 to 64 years,Percentage of population in the labour force,3.1,,True
2012,SI,Slovenia,TOTAL,All ISCED 2011 levels ,Total,Y15-64,From 15 to 64 years,Percentage of population in the labour force,4.3,,True
2012,SK,Slovakia,TOTAL,All ISCED 2011 levels ,Total,Y15-64,From 15 to 64 years,Percentage of population in the labour force,9.4,,True
2012,FI,Finland,TOTAL,All ISCED 2011 levels ,Total,Y15-64,From 15 to 64 years,Percentage of population in the labour force,1.7,,True
2012,SE,Sweden,TOTAL,All ISCED 2011 levels ,Total,Y15-64,From 15 to 64 years,Percentage of population in the labour force,1.5,,True
2012,IS,Iceland,TOTAL,All ISCED 2011 levels ,Total,Y15-64,From 15 to 64 years,Percentage of population in the labour force,1.5,,True
2012,NO,Norway,TOTAL,All ISCED 2011 levels ,Total,Y15-64,From 15 to 64 years,Percentage of population in the labour force,0.6,,True
2012,CH,Switzerland,TOTAL,All ISCED 2011 levels ,Total,Y15-64,From 15 to 64 years,Percentage of population in the labour force,1.5,,True
2012,UK,United Kingdom,TOTAL,All ISCED 2011 levels ,Total,Y15-64,From 15 to 64 years,Percentage of population in the labour force,2.8,,True
2012,ME,Montenegro,TOTAL,All ISCED 2011 levels ,Total,Y15-64,From 15 to 64 years,Percentage of population in the labour force,15.9,,True
2012,MK,North Macedonia,TOTAL,All ISCED 2011 levels ,Total,Y15-64,From 15 to 64 years,Percentage of population in the labour force,25.6,,True
2012,RS,Serbia,TOTAL,All ISCED 2011 levels ,Total,Y15-64,From 15 to 64 years,Percentage of population in the labour force,18.5,,True
2012,TR,Turkey,TOTAL,All ISCED 2011 levels ,Total,Y15-64,From 15 to 64 years,Percentage of population in the labour force,1.8,,True
2013,BE,Belgium,TOTAL,All ISCED 2011 levels ,Total,Y15-64,From 15 to 64 years,Percentage of population in the labour force,3.9,,True
2013,BG,Bulgaria,TOTAL,All ISCED 2011 levels ,Total,Y15-64,From 15 to 64 years,Percentage of population in the labour force,7.5,,True
2013,CZ,Czechia,TOTAL,All ISCED 2011 levels ,Total,Y15-64,From 15 to 64 years,Percentage of population in the labour force,3.1,,True
2013,DK,Denmark,TOTAL,All ISCED 2011 levels ,Total,Y15-64,From 15 to 64 years,Percentage of population in the labour force,1.9,,True
2013,DE,Germany (until 1990 former territory of the FRG),TOTAL,All ISCED 2011 levels ,Total,Y15-64,From 15 to 64 years,Percentage of population in the labour force,2.4,,True
2013,EE,Estonia,TOTAL,All ISCED 2011 levels ,Total,Y15-64,From 15 to 64 years,Percentage of population in the labour force,3.9,,True
2013,IE,Ireland,TOTAL,All ISCED 2011 levels ,Total,Y15-64,From 15 to 64 years,Percentage of population in the labour force,8.1,,True
2013,EL,Greece,TOTAL,All ISCED 2011 levels ,Total,Y15-64,From 15 to 64 years,Percentage of population in the labour force,18.6,,True
2013,ES,Spain,TOTAL,All ISCED 2011 levels ,Total,Y15-64,From 15 to 64 years,Percentage of population in the labour force,13.0,,True
2013,FR,France,TOTAL,All ISCED 2011 levels ,Total,Y15-64,From 15 to 64 years,Percentage of population in the labour force,4.4,,True
2013,HR,Croatia,TOTAL,All ISCED 2011 levels ,Total,Y15-64,From 15 to 64 years,Percentage of population in the labour force,11.1,,True
2013,IT,Italy,TOTAL,All ISCED 2011 levels ,Total,Y15-64,From 15 to 64 years,Percentage of population in the labour force,7.0,,True
2013,CY,Cyprus,TOTAL,All ISCED 2011 levels ,Total,Y15-64,From 15 to 64 years,Percentage of population in the labour force,6.1,,True
2013,LV,Latvia,TOTAL,All ISCED 2011 levels ,Total,Y15-64,From 15 to 64 years,Percentage of population in the labour force,5.9,,True
2013,LT,Lithuania,TOTAL,All ISCED 2011 levels ,Total,Y15-64,From 15 to 64 years,Percentage of population in the labour force,5.1,,True
2013,LU,Luxembourg,TOTAL,All ISCED 2011 levels ,Total,Y15-64,From 15 to 64 years,Percentage of population in the labour force,1.8,,True
2013,HU,Hungary,TOTAL,All ISCED 2011 levels ,Total,Y15-64,From 15 to 64 years,Percentage of population in the labour force,5.0,,True
2013,MT,Malta,TOTAL,All ISCED 2011 levels ,Total,Y15-64,From 15 to 64 years,Percentage of population in the labour force,3.5,,True
2013,NL,Netherlands,TOTAL,All ISCED 2011 levels ,Total,Y15-64,From 15 to 64 years,Percentage of population in the labour force,2.5,,True
2013,AT,Austria,TOTAL,All ISCED 2011 levels ,Total,Y15-64,From 15 to 64 years,Percentage of population in the labour force,1.3,,True
2013,PL,Poland,TOTAL,All ISCED 2011 levels ,Total,Y15-64,From 15 to 64 years,Percentage of population in the labour force,4.4,,True
2013,PT,Portugal,TOTAL,All ISCED 2011 levels ,Total,Y15-64,From 15 to 64 years,Percentage of population in the labour force,9.6,,True
2013,RO,Romania,TOTAL,All ISCED 2011 levels ,Total,Y15-64,From 15 to 64 years,Percentage of population in the labour force,3.3,,True
2013,SI,Slovenia,TOTAL,All ISCED 2011 levels ,Total,Y15-64,From 15 to 64 years,Percentage of population in the labour force,5.2,,True
2013,SK,Slovakia,TOTAL,All ISCED 2011 levels ,Total,Y15-64,From 15 to 64 years,Percentage of population in the labour force,10.0,,True
2013,FI,Finland,TOTAL,All ISCED 2011 levels ,Total,Y15-64,From 15 to 64 years,Percentage of population in the labour force,1.7,,True
2013,SE,Sweden,TOTAL,All ISCED 2011 levels ,Total,Y15-64,From 15 to 64 years,Percentage of population in the labour force,1.5,,True
2013,IS,Iceland,TOTAL,All ISCED 2011 levels ,Total,Y15-64,From 15 to 64 years,Percentage of population in the labour force,1.0,,True
2013,NO,Norway,TOTAL,All ISCED 2011 levels ,Total,Y15-64,From 15 to 64 years,Percentage of population in the labour force,0.7,,True
2013,CH,Switzerland,TOTAL,All ISCED 2011 levels ,Total,Y15-64,From 15 to 64 years,Percentage of population in the labour force,1.5,,True
2013,UK,United Kingdom,TOTAL,All ISCED 2011 levels ,Total,Y15-64,From 15 to 64 years,Percentage of population in the labour force,2.8,,True
2013,ME,Montenegro,TOTAL,All ISCED 2011 levels ,Total,Y15-64,From 15 to 64 years,Percentage of population in the labour force,16.1,,True
2013,MK,North Macedonia,TOTAL,All ISCED 2011 levels ,Total,Y15-64,From 15 to 64 years,Percentage of population in the labour force,24.0,,True
2013,RS,Serbia,TOTAL,All ISCED 2011 levels ,Total,Y15-64,From 15 to 64 years,Percentage of population in the labour force,16.8,,True
2013,TR,Turkey,TOTAL,All ISCED 2011 levels ,Total,Y15-64,From 15 to 64 years,Percentage of population in the labour force,1.9,,True
2014,BE,Belgium,TOTAL,All ISCED 2011 levels ,Total,Y15-64,From 15 to 64 years,Percentage of population in the labour force,4.3,,True
2014,BG,Bulgaria,TOTAL,All ISCED 2011 levels ,Total,Y15-64,From 15 to 64 years,Percentage of population in the labour force,6.9,,True
2014,CZ,Czechia,TOTAL,All ISCED 2011 levels ,Total,Y15-64,From 15 to 64 years,Percentage of population in the labour force,2.7,,True
2014,DK,Denmark,TOTAL,All ISCED 2011 levels ,Total,Y15-64,From 15 to 64 years,Percentage of population in the labour force,1.7,,True
2014,DE,Germany (until 1990 former territory of the FRG),TOTAL,All ISCED 2011 levels ,Total,Y15-64,From 15 to 64 years,Percentage of population in the labour force,2.2,,True
2014,EE,Estonia,TOTAL,All ISCED 2011 levels ,Total,Y15-64,From 15 to 64 years,Percentage of population in the labour force,3.4,,True
2014,IE,Ireland,TOTAL,All ISCED 2011 levels ,Total,Y15-64,From 15 to 64 years,Percentage of population in the labour force,6.7,,True
2014,EL,Greece,TOTAL,All ISCED 2011 levels ,Total,Y15-64,From 15 to 64 years,Percentage of population in the labour force,19.6,,True
2014,ES,Spain,TOTAL,All ISCED 2011 levels ,Total,Y15-64,From 15 to 64 years,Percentage of population in the labour force,13.0,,True
2014,FR,France,TOTAL,All ISCED 2011 levels ,Total,Y15-64,From 15 to 64 years,Percentage of population in the labour force,4.6,,True
2014,HR,Croatia,TOTAL,All ISCED 2011 levels ,Total,Y15-64,From 15 to 64 years,Percentage of population in the labour force,10.2,,True
2014,IT,Italy,TOTAL,All ISCED 2011 levels ,Total,Y15-64,From 15 to 64 years,Percentage of population in the labour force,7.8,,True
2014,CY,Cyprus,TOTAL,All ISCED 2011 levels ,Total,Y15-64,From 15 to 64 years,Percentage of population in the labour force,7.8,,True
2014,LV,Latvia,TOTAL,All ISCED 2011 levels ,Total,Y15-64,From 15 to 64 years,Percentage of population in the labour force,4.8,,True
2014,LT,Lithuania,TOTAL,All ISCED 2011 levels ,Total,Y15-64,From 15 to 64 years,Percentage of population in the labour force,4.9,,True
2014,LU,Luxembourg,TOTAL,All ISCED 2011 levels ,Total,Y15-64,From 15 to 64 years,Percentage of population in the labour force,1.6,,True
2014,HU,Hungary,TOTAL,All ISCED 2011 levels ,Total,Y15-64,From 15 to 64 years,Percentage of population in the labour force,3.7,,True
2014,MT,Malta,TOTAL,All ISCED 2011 levels ,Total,Y15-64,From 15 to 64 years,Percentage of population in the labour force,3.0,,True
2014,NL,Netherlands,TOTAL,All ISCED 2011 levels ,Total,Y15-64,From 15 to 64 years,Percentage of population in the labour force,2.9,,True
2014,AT,Austria,TOTAL,All ISCED 2011 levels ,Total,Y15-64,From 15 to 64 years,Percentage of population in the labour force,1.6,,True
2014,PL,Poland,TOTAL,All ISCED 2011 levels ,Total,Y15-64,From 15 to 64 years,Percentage of population in the labour force,3.9,,True
2014,PT,Portugal,TOTAL,All ISCED 2011 levels ,Total,Y15-64,From 15 to 64 years,Percentage of population in the labour force,8.6,,True
2014,RO,Romania,TOTAL,All ISCED 2011 levels ,Total,Y15-64,From 15 to 64 years,Percentage of population in the labour force,2.9,,True
2014,SI,Slovenia,TOTAL,All ISCED 2011 levels ,Total,Y15-64,From 15 to 64 years,Percentage of population in the labour force,5.4,,True
2014,SK,Slovakia,TOTAL,All ISCED 2011 levels ,Total,Y15-64,From 15 to 64 years,Percentage of population in the labour force,9.3,,True
2014,FI,Finland,TOTAL,All ISCED 2011 levels ,Total,Y15-64,From 15 to 64 years,Percentage of population in the labour force,2.0,,True
2014,SE,Sweden,TOTAL,All ISCED 2011 levels ,Total,Y15-64,From 15 to 64 years,Percentage of population in the labour force,1.5,,True
2014,IS,Iceland,TOTAL,All ISCED 2011 levels ,Total,Y15-64,From 15 to 64 years,Percentage of population in the labour force,0.6,,True
2014,NO,Norway,TOTAL,All ISCED 2011 levels ,Total,Y15-64,From 15 to 64 years,Percentage of population in the labour force,0.8,,True
2014,CH,Switzerland,TOTAL,All ISCED 2011 levels ,Total,Y15-64,From 15 to 64 years,Percentage of population in the labour force,1.8,,True
2014,UK,United Kingdom,TOTAL,All ISCED 2011 levels ,Total,Y15-64,From 15 to 64 years,Percentage of population in the labour force,2.2,,True
2014,ME,Montenegro,TOTAL,All ISCED 2011 levels ,Total,Y15-64,From 15 to 64 years,Percentage of population in the labour force,14.1,,True
2014,MK,North Macedonia,TOTAL,All ISCED 2011 levels ,Total,Y15-64,From 15 to 64 years,Percentage of population in the labour force,23.4,,True
2014,RS,Serbia,TOTAL,All ISCED 2011 levels ,Total,Y15-64,From 15 to 64 years,Percentage of population in the labour force,12.7,b,True
2014,TR,Turkey,TOTAL,All ISCED 2011 levels ,Total,Y15-64,From 15 to 64 years,Percentage of population in the labour force,2.1,b,True
2015,BE,Belgium,TOTAL,All ISCED 2011 levels ,Total,Y15-64,From 15 to 64 years,Percentage of population in the labour force,4.4,,True
2015,BG,Bulgaria,TOTAL,All ISCED 2011 levels ,Total,Y15-64,From 15 to 64 years,Percentage of population in the labour force,5.6,,True
2015,CZ,Czechia,TOTAL,All ISCED 2011 levels ,Total,Y15-64,From 15 to 64 years,Percentage of population in the labour force,2.4,,True
2015,DK,Denmark,TOTAL,All ISCED 2011 levels ,Total,Y15-64,From 15 to 64 years,Percentage of population in the labour force,1.7,,True
2015,DE,Germany (until 1990 former territory of the FRG),TOTAL,All ISCED 2011 levels ,Total,Y15-64,From 15 to 64 years,Percentage of population in the labour force,2.1,,True
2015,EE,Estonia,TOTAL,All ISCED 2011 levels ,Total,Y15-64,From 15 to 64 years,Percentage of population in the labour force,2.4,,True
2015,IE,Ireland,TOTAL,All ISCED 2011 levels ,Total,Y15-64,From 15 to 64 years,Percentage of population in the labour force,5.4,,True
2015,EL,Greece,TOTAL,All ISCED 2011 levels ,Total,Y15-64,From 15 to 64 years,Percentage of population in the labour force,18.3,,True
2015,ES,Spain,TOTAL,All ISCED 2011 levels ,Total,Y15-64,From 15 to 64 years,Percentage of population in the labour force,11.4,,True
2015,FR,France,TOTAL,All ISCED 2011 levels ,Total,Y15-64,From 15 to 64 years,Percentage of population in the labour force,4.6,,True
2015,HR,Croatia,TOTAL,All ISCED 2011 levels ,Total,Y15-64,From 15 to 64 years,Percentage of population in the labour force,10.3,,True
2015,IT,Italy,TOTAL,All ISCED 2011 levels ,Total,Y15-64,From 15 to 64 years,Percentage of population in the labour force,7.0,,True
2015,CY,Cyprus,TOTAL,All ISCED 2011 levels ,Total,Y15-64,From 15 to 64 years,Percentage of population in the labour force,6.9,,True
2015,LV,Latvia,TOTAL,All ISCED 2011 levels ,Total,Y15-64,From 15 to 64 years,Percentage of population in the labour force,4.6,,True
2015,LT,Lithuania,TOTAL,All ISCED 2011 levels ,Total,Y15-64,From 15 to 64 years,Percentage of population in the labour force,4.0,,True
2015,LU,Luxembourg,TOTAL,All ISCED 2011 levels ,Total,Y15-64,From 15 to 64 years,Percentage of population in the labour force,1.9,b,True
2015,HU,Hungary,TOTAL,All ISCED 2011 levels ,Total,Y15-64,From 15 to 64 years,Percentage of population in the labour force,3.1,,True
2015,MT,Malta,TOTAL,All ISCED 2011 levels ,Total,Y15-64,From 15 to 64 years,Percentage of population in the labour force,2.7,,True
2015,NL,Netherlands,TOTAL,All ISCED 2011 levels ,Total,Y15-64,From 15 to 64 years,Percentage of population in the labour force,2.9,,True
2015,AT,Austria,TOTAL,All ISCED 2011 levels ,Total,Y15-64,From 15 to 64 years,Percentage of population in the labour force,1.7,,True
2015,PL,Poland,TOTAL,All ISCED 2011 levels ,Total,Y15-64,From 15 to 64 years,Percentage of population in the labour force,3.0,,True
2015,PT,Portugal,TOTAL,All ISCED 2011 levels ,Total,Y15-64,From 15 to 64 years,Percentage of population in the labour force,7.4,,True
2015,RO,Romania,TOTAL,All ISCED 2011 levels ,Total,Y15-64,From 15 to 64 years,Percentage of population in the labour force,3.1,,True
2015,SI,Slovenia,TOTAL,All ISCED 2011 levels ,Total,Y15-64,From 15 to 64 years,Percentage of population in the labour force,4.8,,True
2015,SK,Slovakia,TOTAL,All ISCED 2011 levels ,Total,Y15-64,From 15 to 64 years,Percentage of population in the labour force,7.6,,True
2015,FI,Finland,TOTAL,All ISCED 2011 levels ,Total,Y15-64,From 15 to 64 years,Percentage of population in the labour force,2.3,,True
2015,SE,Sweden,TOTAL,All ISCED 2011 levels ,Total,Y15-64,From 15 to 64 years,Percentage of population in the labour force,1.5,,True
2015,IS,Iceland,TOTAL,All ISCED 2011 levels ,Total,Y15-64,From 15 to 64 years,Percentage of population in the labour force,0.5,,True
2015,NO,Norway,TOTAL,All ISCED 2011 levels ,Total,Y15-64,From 15 to 64 years,Percentage of population in the labour force,1.0,,True
2015,CH,Switzerland,TOTAL,All ISCED 2011 levels ,Total,Y15-64,From 15 to 64 years,Percentage of population in the labour force,1.8,,True
2015,UK,United Kingdom,TOTAL,All ISCED 2011 levels ,Total,Y15-64,From 15 to 64 years,Percentage of population in the labour force,1.7,,True
2015,ME,Montenegro,TOTAL,All ISCED 2011 levels ,Total,Y15-64,From 15 to 64 years,Percentage of population in the labour force,13.7,,True
2015,MK,North Macedonia,TOTAL,All ISCED 2011 levels ,Total,Y15-64,From 15 to 64 years,Percentage of population in the labour force,21.5,,True
2015,RS,Serbia,TOTAL,All ISCED 2011 levels ,Total,Y15-64,From 15 to 64 years,Percentage of population in the labour force,10.9,,True
2015,TR,Turkey,TOTAL,All ISCED 2011 levels ,Total,Y15-64,From 15 to 64 years,Percentage of population in the labour force,2.2,,True
2016,BE,Belgium,TOTAL,All ISCED 2011 levels ,Total,Y15-64,From 15 to 64 years,Percentage of population in the labour force,4.1,,True
2016,BG,Bulgaria,TOTAL,All ISCED 2011 levels ,Total,Y15-64,From 15 to 64 years,Percentage of population in the labour force,4.5,,True
2016,CZ,Czechia,TOTAL,All ISCED 2011 levels ,Total,Y15-64,From 15 to 64 years,Percentage of population in the labour force,1.7,,True
2016,DK,Denmark,TOTAL,All ISCED 2011 levels ,Total,Y15-64,From 15 to 64 years,Percentage of population in the labour force,1.3,b,True
2016,DE,Germany (until 1990 former territory of the FRG),TOTAL,All ISCED 2011 levels ,Total,Y15-64,From 15 to 64 years,Percentage of population in the labour force,1.7,,True
2016,EE,Estonia,TOTAL,All ISCED 2011 levels ,Total,Y15-64,From 15 to 64 years,Percentage of population in the labour force,2.2,,True
2016,IE,Ireland,TOTAL,All ISCED 2011 levels ,Total,Y15-64,From 15 to 64 years,Percentage of population in the labour force,4.3,,True
2016,EL,Greece,TOTAL,All ISCED 2011 levels ,Total,Y15-64,From 15 to 64 years,Percentage of population in the labour force,17.0,,True
2016,ES,Spain,TOTAL,All ISCED 2011 levels ,Total,Y15-64,From 15 to 64 years,Percentage of population in the labour force,9.5,,True
2016,FR,France,TOTAL,All ISCED 2011 levels ,Total,Y15-64,From 15 to 64 years,Percentage of population in the labour force,4.6,,True
2016,HR,Croatia,TOTAL,All ISCED 2011 levels ,Total,Y15-64,From 15 to 64 years,Percentage of population in the labour force,6.7,,True
2016,IT,Italy,TOTAL,All ISCED 2011 levels ,Total,Y15-64,From 15 to 64 years,Percentage of population in the labour force,6.8,,True
2016,CY,Cyprus,TOTAL,All ISCED 2011 levels ,Total,Y15-64,From 15 to 64 years,Percentage of population in the labour force,5.9,,True
2016,LV,Latvia,TOTAL,All ISCED 2011 levels ,Total,Y15-64,From 15 to 64 years,Percentage of population in the labour force,4.1,,True
2016,LT,Lithuania,TOTAL,All ISCED 2011 levels ,Total,Y15-64,From 15 to 64 years,Percentage of population in the labour force,3.1,,True
2016,LU,Luxembourg,TOTAL,All ISCED 2011 levels ,Total,Y15-64,From 15 to 64 years,Percentage of population in the labour force,2.2,,True
2016,HU,Hungary,TOTAL,All ISCED 2011 levels ,Total,Y15-64,From 15 to 64 years,Percentage of population in the labour force,2.4,,True
2016,MT,Malta,TOTAL,All ISCED 2011 levels ,Total,Y15-64,From 15 to 64 years,Percentage of population in the labour force,2.4,,True
2016,NL,Netherlands,TOTAL,All ISCED 2011 levels ,Total,Y15-64,From 15 to 64 years,Percentage of population in the labour force,2.5,,True
2016,AT,Austria,TOTAL,All ISCED 2011 levels ,Total,Y15-64,From 15 to 64 years,Percentage of population in the labour force,2.0,,True
2016,PL,Poland,TOTAL,All ISCED 2011 levels ,Total,Y15-64,From 15 to 64 years,Percentage of population in the labour force,2.2,b,True
2016,PT,Portugal,TOTAL,All ISCED 2011 levels ,Total,Y15-64,From 15 to 64 years,Percentage of population in the labour force,6.4,,True
2016,RO,Romania,TOTAL,All ISCED 2011 levels ,Total,Y15-64,From 15 to 64 years,Percentage of population in the labour force,3.0,,True
2016,SI,Slovenia,TOTAL,All ISCED 2011 levels ,Total,Y15-64,From 15 to 64 years,Percentage of population in the labour force,4.3,,True
2016,SK,Slovakia,TOTAL,All ISCED 2011 levels ,Total,Y15-64,From 15 to 64 years,Percentage of population in the labour force,5.9,,True
2016,FI,Finland,TOTAL,All ISCED 2011 levels ,Total,Y15-64,From 15 to 64 years,Percentage of population in the labour force,2.3,,True
2016,SE,Sweden,TOTAL,All ISCED 2011 levels ,Total,Y15-64,From 15 to 64 years,Percentage of population in the labour force,1.3,,True
2016,NO,Norway,TOTAL,All ISCED 2011 levels ,Total,Y15-64,From 15 to 64 years,Percentage of population in the labour force,1.2,,True
2016,CH,Switzerland,TOTAL,All ISCED 2011 levels ,Total,Y15-64,From 15 to 64 years,Percentage of population in the labour force,1.8,,True
2016,UK,United Kingdom,TOTAL,All ISCED 2011 levels ,Total,Y15-64,From 15 to 64 years,Percentage of population in the labour force,1.3,,True
2016,ME,Montenegro,TOTAL,All ISCED 2011 levels ,Total,Y15-64,From 15 to 64 years,Percentage of population in the labour force,13.6,,True
2016,MK,North Macedonia,TOTAL,All ISCED 2011 levels ,Total,Y15-64,From 15 to 64 years,Percentage of population in the labour force,19.3,,True
2016,RS,Serbia,TOTAL,All ISCED 2011 levels ,Total,Y15-64,From 15 to 64 years,Percentage of population in the labour force,9.4,,True
2016,TR,Turkey,TOTAL,All ISCED 2011 levels ,Total,Y15-64,From 15 to 64 years,Percentage of population in the labour force,2.3,,True
2017,BE,Belgium,TOTAL,All ISCED 2011 levels ,Total,Y15-64,From 15 to 64 years,Percentage of population in the labour force,3.5,b,True
2017,BG,Bulgaria,TOTAL,All ISCED 2011 levels ,Total,Y15-64,From 15 to 64 years,Percentage of population in the labour force,3.4,,True
2017,CZ,Czechia,TOTAL,All ISCED 2011 levels ,Total,Y15-64,From 15 to 64 years,Percentage of population in the labour force,1.0,,True
2017,DK,Denmark,TOTAL,All ISCED 2011 levels ,Total,Y15-64,From 15 to 64 years,Percentage of population in the labour force,1.2,b,True
2017,DE,Germany (until 1990 former territory of the FRG),TOTAL,All ISCED 2011 levels ,Total,Y15-64,From 15 to 64 years,Percentage of population in the labour force,1.6,,True
2017,EE,Estonia,TOTAL,All ISCED 2011 levels ,Total,Y15-64,From 15 to 64 years,Percentage of population in the labour force,2.0,,True
2017,IE,Ireland,TOTAL,All ISCED 2011 levels ,Total,Y15-64,From 15 to 64 years,Percentage of population in the labour force,3.1,b,True
2017,EL,Greece,TOTAL,All ISCED 2011 levels ,Total,Y15-64,From 15 to 64 years,Percentage of population in the labour force,15.7,,True
2017,ES,Spain,TOTAL,All ISCED 2011 levels ,Total,Y15-64,From 15 to 64 years,Percentage of population in the labour force,7.7,,True
2017,FR,France,TOTAL,All ISCED 2011 levels ,Total,Y15-64,From 15 to 64 years,Percentage of population in the labour force,4.3,,True
2017,HR,Croatia,TOTAL,All ISCED 2011 levels ,Total,Y15-64,From 15 to 64 years,Percentage of population in the labour force,4.6,,True
2017,IT,Italy,TOTAL,All ISCED 2011 levels ,Total,Y15-64,From 15 to 64 years,Percentage of population in the labour force,6.6,,True
2017,CY,Cyprus,TOTAL,All ISCED 2011 levels ,Total,Y15-64,From 15 to 64 years,Percentage of population in the labour force,4.6,,True
2017,LV,Latvia,TOTAL,All ISCED 2011 levels ,Total,Y15-64,From 15 to 64 years,Percentage of population in the labour force,3.3,,True
2017,LT,Lithuania,TOTAL,All ISCED 2011 levels ,Total,Y15-64,From 15 to 64 years,Percentage of population in the labour force,2.7,,True
2017,LU,Luxembourg,TOTAL,All ISCED 2011 levels ,Total,Y15-64,From 15 to 64 years,Percentage of population in the labour force,2.1,,True
2017,HU,Hungary,TOTAL,All ISCED 2011 levels ,Total,Y15-64,From 15 to 64 years,Percentage of population in the labour force,1.7,,True
2017,MT,Malta,TOTAL,All ISCED 2011 levels ,Total,Y15-64,From 15 to 64 years,Percentage of population in the labour force,2.1,,True
2017,NL,Netherlands,TOTAL,All ISCED 2011 levels ,Total,Y15-64,From 15 to 64 years,Percentage of population in the labour force,1.9,,True
2017,AT,Austria,TOTAL,All ISCED 2011 levels ,Total,Y15-64,From 15 to 64 years,Percentage of population in the labour force,1.9,,True
2017,PL,Poland,TOTAL,All ISCED 2011 levels ,Total,Y15-64,From 15 to 64 years,Percentage of population in the labour force,1.5,,True
2017,PT,Portugal,TOTAL,All ISCED 2011 levels ,Total,Y15-64,From 15 to 64 years,Percentage of population in the labour force,4.6,,True
2017,RO,Romania,TOTAL,All ISCED 2011 levels ,Total,Y15-64,From 15 to 64 years,Percentage of population in the labour force,2.1,,True
2017,SI,Slovenia,TOTAL,All ISCED 2011 levels ,Total,Y15-64,From 15 to 64 years,Percentage of population in the labour force,3.2,,True
2017,SK,Slovakia,TOTAL,All ISCED 2011 levels ,Total,Y15-64,From 15 to 64 years,Percentage of population in the labour force,5.1,,True
2017,FI,Finland,TOTAL,All ISCED 2011 levels ,Total,Y15-64,From 15 to 64 years,Percentage of population in the labour force,2.1,,True
2017,SE,Sweden,TOTAL,All ISCED 2011 levels ,Total,Y15-64,From 15 to 64 years,Percentage of population in the labour force,1.3,,True
2017,IS,Iceland,TOTAL,All ISCED 2011 levels ,Total,Y15-64,From 15 to 64 years,Percentage of population in the labour force,0.3,,True
2017,NO,Norway,TOTAL,All ISCED 2011 levels ,Total,Y15-64,From 15 to 64 years,Percentage of population in the labour force,1.2,,True
2017,CH,Switzerland,TOTAL,All ISCED 2011 levels ,Total,Y15-64,From 15 to 64 years,Percentage of population in the labour force,1.7,,True
2017,UK,United Kingdom,TOTAL,All ISCED 2011 levels ,Total,Y15-64,From 15 to 64 years,Percentage of population in the labour force,1.1,,True
2017,ME,Montenegro,TOTAL,All ISCED 2011 levels ,Total,Y15-64,From 15 to 64 years,Percentage of population in the labour force,12.7,,True
2017,MK,North Macedonia,TOTAL,All ISCED 2011 levels ,Total,Y15-64,From 15 to 64 years,Percentage of population in the labour force,17.5,,True
2017,RS,Serbia,TOTAL,All ISCED 2011 levels ,Total,Y15-64,From 15 to 64 years,Percentage of population in the labour force,7.4,,True
2017,TR,Turkey,TOTAL,All ISCED 2011 levels ,Total,Y15-64,From 15 to 64 years,Percentage of population in the labour force,2.4,,True
2018,BE,Belgium,TOTAL,All ISCED 2011 levels ,Total,Y15-64,From 15 to 64 years,Percentage of population in the labour force,2.9,,True
2018,BG,Bulgaria,TOTAL,All ISCED 2011 levels ,Total,Y15-64,From 15 to 64 years,Percentage of population in the labour force,3.1,,True
2018,CZ,Czechia,TOTAL,All ISCED 2011 levels ,Total,Y15-64,From 15 to 64 years,Percentage of population in the labour force,0.7,,True
2018,DK,Denmark,TOTAL,All ISCED 2011 levels ,Total,Y15-64,From 15 to 64 years,Percentage of population in the labour force,1.0,,True
2018,DE,Germany (until 1990 former territory of the FRG),TOTAL,All ISCED 2011 levels ,Total,Y15-64,From 15 to 64 years,Percentage of population in the labour force,1.4,,True
2018,EE,Estonia,TOTAL,All ISCED 2011 levels ,Total,Y15-64,From 15 to 64 years,Percentage of population in the labour force,1.3,,True
2018,IE,Ireland,TOTAL,All ISCED 2011 levels ,Total,Y15-64,From 15 to 64 years,Percentage of population in the labour force,2.1,,True
2018,EL,Greece,TOTAL,All ISCED 2011 levels ,Total,Y15-64,From 15 to 64 years,Percentage of population in the labour force,13.6,,True
2018,ES,Spain,TOTAL,All ISCED 2011 levels ,Total,Y15-64,From 15 to 64 years,Percentage of population in the labour force,6.4,,True
2018,FR,France,TOTAL,All ISCED 2011 levels ,Total,Y15-64,From 15 to 64 years,Percentage of population in the labour force,3.9,,True
2018,HR,Croatia,TOTAL,All ISCED 2011 levels ,Total,Y15-64,From 15 to 64 years,Percentage of population in the labour force,3.4,,True
2018,IT,Italy,TOTAL,All ISCED 2011 levels ,Total,Y15-64,From 15 to 64 years,Percentage of population in the labour force,6.3,,True
2018,CY,Cyprus,TOTAL,All ISCED 2011 levels ,Total,Y15-64,From 15 to 64 years,Percentage of population in the labour force,2.7,,True
2018,LV,Latvia,TOTAL,All ISCED 2011 levels ,Total,Y15-64,From 15 to 64 years,Percentage of population in the labour force,3.2,,True
2018,LT,Lithuania,TOTAL,All ISCED 2011 levels ,Total,Y15-64,From 15 to 64 years,Percentage of population in the labour force,2.0,,True
2018,LU,Luxembourg,TOTAL,All ISCED 2011 levels ,Total,Y15-64,From 15 to 64 years,Percentage of population in the labour force,1.4,,True
2018,HU,Hungary,TOTAL,All ISCED 2011 levels ,Total,Y15-64,From 15 to 64 years,Percentage of population in the labour force,1.4,,True
2018,MT,Malta,TOTAL,All ISCED 2011 levels ,Total,Y15-64,From 15 to 64 years,Percentage of population in the labour force,1.8,,True
2018,NL,Netherlands,TOTAL,All ISCED 2011 levels ,Total,Y15-64,From 15 to 64 years,Percentage of population in the labour force,1.4,,True
2018,AT,Austria,TOTAL,All ISCED 2011 levels ,Total,Y15-64,From 15 to 64 years,Percentage of population in the labour force,1.4,,True
2018,PL,Poland,TOTAL,All ISCED 2011 levels ,Total,Y15-64,From 15 to 64 years,Percentage of population in the labour force,1.1,,True
2018,PT,Portugal,TOTAL,All ISCED 2011 levels ,Total,Y15-64,From 15 to 64 years,Percentage of population in the labour force,3.2,,True
2018,RO,Romania,TOTAL,All ISCED 2011 levels ,Total,Y15-64,From 15 to 64 years,Percentage of population in the labour force,1.9,,True
2018,SI,Slovenia,TOTAL,All ISCED 2011 levels ,Total,Y15-64,From 15 to 64 years,Percentage of population in the labour force,2.2,,True
2018,SK,Slovakia,TOTAL,All ISCED 2011 levels ,Total,Y15-64,From 15 to 64 years,Percentage of population in the labour force,4.1,,True
2018,FI,Finland,TOTAL,All ISCED 2011 levels ,Total,Y15-64,From 15 to 64 years,Percentage of population in the labour force,1.6,,True
2018,SE,Sweden,TOTAL,All ISCED 2011 levels ,Total,Y15-64,From 15 to 64 years,Percentage of population in the labour force,1.1,b,True
2018,NO,Norway,TOTAL,All ISCED 2011 levels ,Total,Y15-64,From 15 to 64 years,Percentage of population in the labour force,1.0,,True
2018,CH,Switzerland,TOTAL,All ISCED 2011 levels ,Total,Y15-64,From 15 to 64 years,Percentage of population in the labour force,1.8,,True
2018,UK,United Kingdom,TOTAL,All ISCED 2011 levels ,Total,Y15-64,From 15 to 64 years,Percentage of population in the labour force,1.1,,True
2018,ME,Montenegro,TOTAL,All ISCED 2011 levels ,Total,Y15-64,From 15 to 64 years,Percentage of population in the labour force,11.6,,True
2018,MK,North Macedonia,TOTAL,All ISCED 2011 levels ,Total,Y15-64,From 15 to 64 years,Percentage of population in the labour force,15.6,,True
2018,RS,Serbia,TOTAL,All ISCED 2011 levels ,Total,Y15-64,From 15 to 64 years,Percentage of population in the labour force,6.7,,True
2018,TR,Turkey,TOTAL,All ISCED 2011 levels ,Total,Y15-64,From 15 to 64 years,Percentage of population in the labour force,2.5,,True
2019,BE,Belgium,TOTAL,All ISCED 2011 levels ,Total,Y15-64,From 15 to 64 years,Percentage of population in the labour force,2.4,,True
2019,BG,Bulgaria,TOTAL,All ISCED 2011 levels ,Total,Y15-64,From 15 to 64 years,Percentage of population in the labour force,2.4,,True
2019,CZ,Czechia,TOTAL,All ISCED 2011 levels ,Total,Y15-64,From 15 to 64 years,Percentage of population in the labour force,0.6,,True
2019,DK,Denmark,TOTAL,All ISCED 2011 levels ,Total,Y15-64,From 15 to 64 years,Percentage of population in the labour force,0.8,,True
2019,DE,Germany (until 1990 former territory of the FRG),TOTAL,All ISCED 2011 levels ,Total,Y15-64,From 15 to 64 years,Percentage of population in the labour force,1.2,,True
2019,EE,Estonia,TOTAL,All ISCED 2011 levels ,Total,Y15-64,From 15 to 64 years,Percentage of population in the labour force,0.9,,True
2019,IE,Ireland,TOTAL,All ISCED 2011 levels ,Total,Y15-64,From 15 to 64 years,Percentage of population in the labour force,1.6,,True
2019,EL,Greece,TOTAL,All ISCED 2011 levels ,Total,Y15-64,From 15 to 64 years,Percentage of population in the labour force,12.2,,True
2019,ES,Spain,TOTAL,All ISCED 2011 levels ,Total,Y15-64,From 15 to 64 years,Percentage of population in the labour force,5.4,,True
2019,FR,France,TOTAL,All ISCED 2011 levels ,Total,Y15-64,From 15 to 64 years,Percentage of population in the labour force,3.4,,True
2019,HR,Croatia,TOTAL,All ISCED 2011 levels ,Total,Y15-64,From 15 to 64 years,Percentage of population in the labour force,2.4,,True
2019,IT,Italy,TOTAL,All ISCED 2011 levels ,Total,Y15-64,From 15 to 64 years,Percentage of population in the labour force,5.7,,True
2019,CY,Cyprus,TOTAL,All ISCED 2011 levels ,Total,Y15-64,From 15 to 64 years,Percentage of population in the labour force,2.1,,True
2019,LV,Latvia,TOTAL,All ISCED 2011 levels ,Total,Y15-64,From 15 to 64 years,Percentage of population in the labour force,2.5,,True
2019,LT,Lithuania,TOTAL,All ISCED 2011 levels ,Total,Y15-64,From 15 to 64 years,Percentage of population in the labour force,2.0,,True
2019,LU,Luxembourg,TOTAL,All ISCED 2011 levels ,Total,Y15-64,From 15 to 64 years,Percentage of population in the labour force,1.3,,True
2019,HU,Hungary,TOTAL,All ISCED 2011 levels ,Total,Y15-64,From 15 to 64 years,Percentage of population in the labour force,1.1,,True
2019,MT,Malta,TOTAL,All ISCED 2011 levels ,Total,Y15-64,From 15 to 64 years,Percentage of population in the labour force,0.9,,True
2019,NL,Netherlands,TOTAL,All ISCED 2011 levels ,Total,Y15-64,From 15 to 64 years,Percentage of population in the labour force,1.0,,True
2019,AT,Austria,TOTAL,All ISCED 2011 levels ,Total,Y15-64,From 15 to 64 years,Percentage of population in the labour force,1.1,,True
2019,PL,Poland,TOTAL,All ISCED 2011 levels ,Total,Y15-64,From 15 to 64 years,Percentage of population in the labour force,0.7,,True
2019,PT,Portugal,TOTAL,All ISCED 2011 levels ,Total,Y15-64,From 15 to 64 years,Percentage of population in the labour force,2.8,,True
2019,RO,Romania,TOTAL,All ISCED 2011 levels ,Total,Y15-64,From 15 to 64 years,Percentage of population in the labour force,1.7,,True
2019,SI,Slovenia,TOTAL,All ISCED 2011 levels ,Total,Y15-64,From 15 to 64 years,Percentage of population in the labour force,1.9,,True
2019,SK,Slovakia,TOTAL,All ISCED 2011 levels ,Total,Y15-64,From 15 to 64 years,Percentage of population in the labour force,3.4,,True
2019,FI,Finland,TOTAL,All ISCED 2011 levels ,Total,Y15-64,From 15 to 64 years,Percentage of population in the labour force,1.2,,True
2019,SE,Sweden,TOTAL,All ISCED 2011 levels ,Total,Y15-64,From 15 to 64 years,Percentage of population in the labour force,1.0,,True
2019,NO,Norway,TOTAL,All ISCED 2011 levels ,Total,Y15-64,From 15 to 64 years,Percentage of population in the labour force,0.9,,True
2019,CH,Switzerland,TOTAL,All ISCED 2011 levels ,Total,Y15-64,From 15 to 64 years,Percentage of population in the labour force,1.5,,True
2019,UK,United Kingdom,TOTAL,All ISCED 2011 levels ,Total,Y15-64,From 15 to 64 years,Percentage of population in the labour force,0.9,,True
2019,ME,Montenegro,TOTAL,All ISCED 2011 levels ,Total,Y15-64,From 15 to 64 years,Percentage of population in the labour force,12.1,,True
2019,MK,North Macedonia,TOTAL,All ISCED 2011 levels ,Total,Y15-64,From 15 to 64 years,Percentage of population in the labour force,12.5,,True
2019,RS,Serbia,TOTAL,All ISCED 2011 levels ,Total,Y15-64,From 15 to 64 years,Percentage of population in the labour force,5.5,,True
2019,TR,Turkey,TOTAL,All ISCED 2011 levels ,Total,Y15-64,From 15 to 64 years,Percentage of population in the labour force,3.3,,True
2020,BE,Belgium,TOTAL,All ISCED 2011 levels ,Total,Y15-64,From 15 to 64 years,Percentage of population in the labour force,2.3,,True
2020,BG,Bulgaria,TOTAL,All ISCED 2011 levels ,Total,Y15-64,From 15 to 64 years,Percentage of population in the labour force,2.3,,True
2020,CZ,Czechia,TOTAL,All ISCED 2011 levels ,Total,Y15-64,From 15 to 64 years,Percentage of population in the labour force,0.6,,True
2020,DK,Denmark,TOTAL,All ISCED 2011 levels ,Total,Y15-64,From 15 to 64 years,Percentage of population in the labour force,0.9,,True
2020,DE,Germany (until 1990 former territory of the FRG),TOTAL,All ISCED 2011 levels ,Total,Y15-64,From 15 to 64 years,Percentage of population in the labour force,1.1,bp,True
2020,EE,Estonia,TOTAL,All ISCED 2011 levels ,Total,Y15-64,From 15 to 64 years,Percentage of population in the labour force,1.2,,True
2020,IE,Ireland,TOTAL,All ISCED 2011 levels ,Total,Y15-64,From 15 to 64 years,Percentage of population in the labour force,1.3,,True
2020,EL,Greece,TOTAL,All ISCED 2011 levels ,Total,Y15-64,From 15 to 64 years,Percentage of population in the labour force,10.9,,True
2020,ES,Spain,TOTAL,All ISCED 2011 levels ,Total,Y15-64,From 15 to 64 years,Percentage of population in the labour force,5.0,,True
2020,FR,France,TOTAL,All ISCED 2011 levels ,Total,Y15-64,From 15 to 64 years,Percentage of population in the labour force,3.0,,True
2020,HR,Croatia,TOTAL,All ISCED 2011 levels ,Total,Y15-64,From 15 to 64 years,Percentage of population in the labour force,2.1,,True
2020,IT,Italy,TOTAL,All ISCED 2011 levels ,Total,Y15-64,From 15 to 64 years,Percentage of population in the labour force,4.8,,True
2020,CY,Cyprus,TOTAL,All ISCED 2011 levels ,Total,Y15-64,From 15 to 64 years,Percentage of population in the labour force,2.2,,True
2020,LV,Latvia,TOTAL,All ISCED 2011 levels ,Total,Y15-64,From 15 to 64 years,Percentage of population in the labour force,2.3,,True
2020,LT,Lithuania,TOTAL,All ISCED 2011 levels ,Total,Y15-64,From 15 to 64 years,Percentage of population in the labour force,2.6,,True
2020,LU,Luxembourg,TOTAL,All ISCED 2011 levels ,Total,Y15-64,From 15 to 64 years,Percentage of population in the labour force,1.7,,True
2020,HU,Hungary,TOTAL,All ISCED 2011 levels ,Total,Y15-64,From 15 to 64 years,Percentage of population in the labour force,1.1,,True
2020,MT,Malta,TOTAL,All ISCED 2011 levels ,Total,Y15-64,From 15 to 64 years,Percentage of population in the labour force,1.1,,True
2020,NL,Netherlands,TOTAL,All ISCED 2011 levels ,Total,Y15-64,From 15 to 64 years,Percentage of population in the labour force,0.9,,True
2020,AT,Austria,TOTAL,All ISCED 2011 levels ,Total,Y15-64,From 15 to 64 years,Percentage of population in the labour force,1.3,,True
2020,PL,Poland,TOTAL,All ISCED 2011 levels ,Total,Y15-64,From 15 to 64 years,Percentage of population in the labour force,0.6,,True
2020,PT,Portugal,TOTAL,All ISCED 2011 levels ,Total,Y15-64,From 15 to 64 years,Percentage of population in the labour force,2.3,,True
2020,RO,Romania,TOTAL,All ISCED 2011 levels ,Total,Y15-64,From 15 to 64 years,Percentage of population in the labour force,1.5,,True
2020,SI,Slovenia,TOTAL,All ISCED 2011 levels ,Total,Y15-64,From 15 to 64 years,Percentage of population in the labour force,2.0,,True
2020,SK,Slovakia,TOTAL,All ISCED 2011 levels ,Total,Y15-64,From 15 to 64 years,Percentage of population in the labour force,3.2,,True
2020,FI,Finland,TOTAL,All ISCED 2011 levels ,Total,Y15-64,From 15 to 64 years,Percentage of population in the labour force,1.2,,True
2020,SE,Sweden,TOTAL,All ISCED 2011 levels ,Total,Y15-64,From 15 to 64 years,Percentage of population in the labour force,1.2,,True
2020,IS,Iceland,TOTAL,All ISCED 2011 levels ,Total,Y15-64,From 15 to 64 years,Percentage of population in the labour force,0.5,b,True
2020,NO,Norway,TOTAL,All ISCED 2011 levels ,Total,Y15-64,From 15 to 64 years,Percentage of population in the labour force,0.9,,True
2020,CH,Switzerland,TOTAL,All ISCED 2011 levels ,Total,Y15-64,From 15 to 64 years,Percentage of population in the labour force,1.6,,True
2020,ME,Montenegro,TOTAL,All ISCED 2011 levels ,Total,Y15-64,From 15 to 64 years,Percentage of population in the labour force,13.6,,True
2020,MK,North Macedonia,TOTAL,All ISCED 2011 levels ,Total,Y15-64,From 15 to 64 years,Percentage of population in the labour force,12.5,,True
2020,RS,Serbia,TOTAL,All ISCED 2011 levels ,Total,Y15-64,From 15 to 64 years,Percentage of population in the labour force,4.5,,True
2020,TR,Turkey,TOTAL,All ISCED 2011 levels ,Total,Y15-64,From 15 to 64 years,Percentage of population in the labour force,3.3,,True
